national-id,account-number
743-89-4723,695-307-0021
830-31-7767,522-773-4352
827-36-3057,448-365-2378
762-54-7309,848-237-9115
603-64-1283,431-880-5406
702-19-0665,161-863-0495
480-50-2232,832-886-1384
517-92-1357,483-123-8997
751-03-6314,498-594-8982
282-35-6477,887-848-4712
219-35-9867,764-257-9706
705-49-4470,204-142-9767
776-37-2443,523-896-3874
623-76-4158,575-115-9428
492-34-0455,479-946-3491
776-91-7933,518-307-7231
536-75-7245,874-633-2500
278-89-8025,118-357-5530
281-60-2770,753-866-1318
280-46-4742,856-551-1666
434-41-0980,387-710-0135
284-95-0390,580-456-4440
780-15-8649,352-875-2593
114-83-8870,728-471-9389
254-07-3109,464-363-0879
368-33-5439,637-131-5528
521-16-8737,654-990-2216
257-07-8787,495-413-7684
358-18-5297,841-788-0995
701-21-4525,422-543-7508
847-12-1516,986-693-6567
734-86-0473,687-729-5405
319-77-1863,693-655-6661
665-97-1898,613-601-4764
808-51-9881,848-587-9091
312-93-4263,706-978-0996
473-12-5472,669-627-3405
796-12-7420,648-694-6171
491-22-7208,208-252-1185
484-50-8438,483-362-4954
764-82-0333,514-377-9436
297-91-4019,535-186-7722
303-40-8575,396-760-8355
389-63-7188,115-496-3923
805-34-9733,604-833-9378
310-77-0568,161-811-7632
265-41-4344,728-927-6392
178-69-7200,539-242-3698
299-01-3980,888-113-7486
818-89-2957,661-173-1927
207-44-3291,518-417-9238
540-11-3027,912-772-1035
330-15-1999,986-950-9047
225-92-9260,230-605-4946
702-32-1092,763-653-0343
575-89-4915,203-276-8385
214-01-2985,322-187-0453
632-33-3121,932-438-1151
382-61-0730,768-408-3078
110-22-7477,677-182-4170
885-19-4224,889-696-2873
241-22-9271,479-339-6472
362-09-3861,733-691-7028
843-02-9919,330-330-9489
108-05-6771,642-869-2148
870-19-4720,729-257-3703
568-24-0171,222-845-7794
446-49-6312,464-552-2397
240-69-3885,989-786-2418
248-54-2525,208-545-2855
578-60-1793,452-565-7824
850-26-4864,587-169-4811
879-83-8484,339-936-3995
339-28-1218,965-673-0488
745-07-4813,331-742-0700
724-29-5256,431-435-3107
464-49-0266,165-824-1755
411-06-5988,953-184-2908
302-05-0749,234-859-0559
571-56-4118,937-983-7910
196-83-4708,672-341-1647
108-42-8300,278-576-0746
636-70-0537,414-626-6839
544-43-3643,870-543-1148
406-55-8472,158-751-4275
189-04-4911,596-130-3439
376-69-6090,412-482-7545
601-71-6770,365-289-0727
720-77-6992,122-155-1427
345-63-0555,317-336-1870
843-47-1512,759-926-9195
795-77-2904,737-670-3276
613-30-6648,650-461-8395
862-84-3118,270-282-9002
818-32-3028,992-265-7726
554-39-1194,317-278-3792
419-20-3332,814-624-1299
841-82-0847,927-497-5878
629-23-6394,270-855-7818
773-31-1767,491-767-2555
284-64-6430,789-149-7273
891-05-3468,484-172-4951
801-18-5417,546-970-5694
822-92-4659,692-514-9750
696-08-6424,300-772-1158
544-43-7006,334-401-4123
342-50-2071,439-495-7316
410-75-8267,918-748-2823
638-62-9248,134-570-8898
441-05-1432,517-669-0244
383-78-9720,694-797-9175
475-52-1670,347-438-3167
653-02-7939,430-572-0736
558-38-0167,310-699-3392
768-40-4373,992-229-6852
132-60-7686,746-582-6783
144-38-9208,904-296-7997
474-69-2570,325-379-6644
157-90-8536,504-982-1463
458-96-5301,941-790-2170
687-19-1026,342-300-4939
182-30-1400,426-626-9002
651-41-2855,282-730-2069
734-15-7004,647-788-2560
215-39-1912,324-378-1790
330-63-5970,744-813-3279
690-39-5524,884-516-1359
395-37-7963,996-535-9122
599-82-0675,837-954-4012
116-87-4008,357-566-1898
731-69-0409,627-573-4998
348-16-7150,282-815-5265
626-12-1132,545-677-6516
331-09-7393,458-336-9987
627-75-2480,820-101-8706
679-88-4218,511-691-9655
660-12-9159,712-745-4673
166-98-9383,313-339-4838
125-83-7422,633-318-8964
106-78-3393,674-618-2163
295-59-6329,820-340-4474
459-44-5518,922-166-1099
679-98-1402,272-938-6061
695-06-9665,964-466-9401
109-26-0384,708-686-3244
696-59-5005,502-473-1385
836-70-1870,794-628-3453
166-76-5634,940-976-5145
349-45-1622,962-518-4139
771-94-9465,961-486-6451
378-85-7652,280-495-4267
464-88-1933,440-638-4222
723-12-6320,748-230-0406
627-19-8403,269-292-5249
599-04-8019,388-471-7288
487-02-8756,843-859-9897
889-05-7544,862-181-4302
893-43-9098,675-550-2178
653-73-3180,926-588-3181
277-78-0915,317-570-6953
299-44-4264,588-803-0477
474-32-0545,755-363-5225
845-51-9408,943-261-8266
127-69-4415,643-269-1495
752-94-7061,105-539-0591
158-33-9196,932-327-8357
262-74-9931,734-464-3643
324-66-8598,279-178-3476
850-58-1051,535-667-4132
101-24-3409,505-401-1687
490-71-3638,897-809-3907
789-36-9892,106-754-2163
700-21-6910,209-581-6371
691-49-9362,136-603-2486
769-77-8563,634-985-6527
749-90-1263,644-312-0230
403-46-7877,436-958-4403
788-68-0030,532-949-5026
260-25-0797,109-654-4544
355-10-5338,279-828-3398
873-69-5658,975-260-7743
483-20-2446,214-638-9157
352-28-3153,239-109-1677
729-38-5868,694-888-7112
415-31-1327,163-433-2109
306-42-2552,956-743-7832
670-35-4821,211-163-2260
767-93-7709,688-613-5421
591-54-5348,148-608-1189
191-34-6029,504-334-3712
599-04-6450,672-269-5561
635-37-6458,247-632-6324
536-97-6188,719-203-3588
862-19-5667,627-621-1771
601-52-4030,588-321-9698
281-36-6958,369-858-3705
362-55-3236,729-111-5640
585-02-4184,921-702-1233
134-23-4758,387-875-8632
154-81-1308,748-352-8517
500-22-6375,262-203-4082
540-10-3444,215-658-9021
691-58-1604,798-371-0749
336-79-0321,321-198-0508
597-41-8062,987-268-4581
210-26-1803,320-114-2163
433-20-2477,355-687-7336
183-13-5283,668-521-3943
869-81-6943,665-591-0751
239-69-8860,629-505-6986
798-57-5376,547-220-6810
327-43-4152,291-891-0438
127-45-7502,440-791-5357
145-56-2019,230-801-3751
316-92-0682,352-613-4049
896-66-1025,190-946-6822
472-28-9240,509-264-1854
623-56-3680,932-474-5291
624-99-9559,609-186-4991
407-43-7923,182-521-8847
346-10-5632,735-988-7803
818-63-9494,915-397-5838
120-62-5829,848-175-2647
109-03-4880,481-511-1709
661-21-2584,687-586-0934
227-10-1640,981-907-2112
567-46-5254,279-406-7569
691-30-6381,804-495-2325
672-49-1184,846-606-8033
744-35-0624,799-310-2887
396-95-3350,908-425-2709
769-89-6374,241-837-5821
591-67-6205,474-195-3300
441-93-0303,293-209-1361
486-20-2808,133-360-6797
870-04-7919,617-104-8289
254-83-4170,400-401-3528
705-04-1536,777-706-7677
733-32-1740,840-535-6409
402-34-2841,195-851-6681
800-09-2239,272-524-8478
645-99-7347,989-998-1379
377-18-4306,884-417-1419
347-72-4980,708-222-9274
705-96-2043,747-511-4195
592-88-0363,963-199-8119
898-59-2485,442-916-8833
398-71-8390,989-666-3652
479-67-0873,125-603-2207
121-37-6696,139-404-9430
793-19-4523,549-379-6061
384-72-8071,395-616-0820
865-39-5124,914-226-2755
589-03-0786,720-784-9955
522-51-1303,545-126-8157
210-84-5321,987-129-0632
347-85-3530,536-837-6984
428-37-9406,700-824-8795
602-79-5746,524-331-0506
483-31-7929,767-421-6986
562-85-6682,283-864-1024
671-10-2996,540-603-3699
567-81-4262,457-311-5268
317-92-0570,681-797-7830
103-82-8221,844-902-4658
190-43-4582,771-507-6239
444-66-5892,887-281-4536
747-61-9945,213-873-4562
233-88-9090,930-657-7502
396-12-6225,818-683-7482
164-99-3229,401-294-0369
612-48-8618,807-409-9091
774-93-4625,339-241-1777
219-45-9035,362-877-4247
257-99-1168,458-335-1355
273-23-0309,914-894-4685
202-43-6423,811-151-4337
214-63-3281,185-186-4981
638-02-7469,896-714-7484
110-09-5842,495-911-9674
151-67-1792,952-387-2984
540-38-4714,971-393-7842
665-80-0816,307-685-4020
273-06-5809,418-395-9038
568-34-9477,895-496-0064
730-40-8181,662-973-2253
516-66-8323,532-722-9780
423-25-8959,129-739-6292
131-59-0123,464-178-4828
796-15-2960,950-947-7400
845-25-6847,312-611-2823
523-40-2954,851-476-0036
555-66-9356,761-694-4567
672-86-8295,867-258-8099
368-86-8233,475-800-6024
833-71-9086,313-708-5790
475-73-3722,309-909-1534
757-98-5188,140-943-4748
757-78-6673,466-332-7329
228-41-5263,907-114-7107
162-28-3294,694-407-9786
572-91-5354,475-949-9217
677-05-1495,949-543-6505
644-65-4054,340-549-1941
798-39-0453,229-623-3552
651-47-6835,914-755-6724
712-10-1267,797-473-3986
778-66-4899,582-964-5150
557-74-0198,703-395-7199
460-84-5742,935-469-0601
137-88-7734,619-927-2046
282-89-2814,539-349-6821
349-01-1099,620-651-0786
305-25-1106,180-821-6976
846-59-8356,299-929-7668
737-71-6922,827-472-6320
336-76-9534,913-757-5879
417-43-7902,392-770-5217
249-49-7751,390-657-2253
505-12-3796,982-485-6882
868-88-5371,193-510-2521
347-92-4554,692-380-6401
129-68-2674,792-136-2309
784-67-6472,735-605-6742
635-81-4653,185-639-6853
322-36-5807,448-530-2776
414-55-6956,291-204-9583
850-77-0866,331-152-5355
399-08-5341,331-243-5466
592-97-7844,165-129-8112
293-60-8968,317-257-6507
681-87-3808,361-182-7528
466-96-7237,336-359-6361
769-09-8307,254-294-8217
579-38-9002,393-219-0934
240-57-6183,580-612-6104
136-39-3105,185-149-2515
232-45-9426,363-819-2159
280-65-6633,851-431-4936
175-97-6813,633-888-9818
633-99-4622,653-936-9579
127-78-6663,740-345-7960
796-62-2036,504-207-0225
419-54-8116,926-480-3958
100-69-0740,100-944-6026
629-23-7105,667-519-3205
313-54-7285,726-358-3911
351-13-1968,266-514-0939
492-45-3612,647-959-6763
667-19-4827,453-879-3347
506-44-7744,971-505-3805
535-69-9454,828-817-3686
885-16-8586,755-888-2825
640-60-2179,937-756-5763
574-95-6862,273-472-1135
777-17-8430,947-996-6830
859-77-0799,388-364-1517
204-90-1574,650-414-9150
857-39-9892,459-216-4057
375-38-4807,589-878-5693
320-64-0941,793-820-5687
733-61-2860,117-490-6935
508-21-3093,127-800-2868
514-35-9554,603-207-9748
562-07-7782,202-502-0407
104-31-5539,479-129-2774
248-57-2633,368-972-1900
544-34-2040,697-739-8945
719-91-1271,569-162-9280
767-29-5143,720-498-6228
779-40-9343,858-906-3743
286-85-7347,413-877-1476
703-19-8231,348-322-1985
279-29-8830,621-813-6449
497-85-9604,682-597-2292
778-77-5690,255-218-8089
825-18-8139,924-617-5642
615-66-7006,854-215-5367
832-10-6285,691-505-6255
892-70-0970,664-965-3798
293-97-2744,341-322-8394
348-68-4424,767-652-5945
481-48-3012,235-485-1226
861-20-3312,314-134-8070
812-43-6670,713-437-3127
178-48-3033,474-252-6039
873-04-0655,460-114-3517
191-79-8205,934-777-1798
539-78-1380,214-214-2997
117-98-7729,951-889-8485
266-63-7682,169-211-4139
222-15-4840,397-225-1863
450-93-1671,346-740-5605
300-66-7381,534-523-1646
467-52-5320,524-497-6102
680-33-0389,793-153-0354
471-85-9650,260-394-6599
489-98-2713,566-102-8165
252-78-6678,267-117-7760
599-37-1379,973-247-9128
796-81-9760,559-266-5241
754-66-6115,683-589-2002
842-48-8794,232-815-4903
238-11-3015,619-940-6103
872-49-5070,644-318-3553
734-23-2404,135-987-3694
221-76-5081,358-250-9564
806-47-1414,850-122-5894
864-74-9554,673-271-2751
704-02-5305,308-170-6024
552-73-6288,530-294-0160
796-67-7545,224-303-1950
842-01-0750,878-314-2421
462-63-8744,774-475-0397
658-24-6241,523-501-5240
208-64-0724,955-269-5799
478-38-1840,333-354-5428
571-28-3306,590-346-5369
812-73-1209,528-469-4081
193-01-8297,718-855-9677
605-22-3957,139-474-3171
169-68-5770,973-929-7802
732-70-9934,760-839-6728
344-49-4790,317-423-1649
493-45-9818,386-997-6504
651-47-7308,640-168-9164
256-28-2372,421-326-7997
563-43-2021,796-214-8605
230-97-3374,798-839-2575
677-68-2887,158-884-0139
196-29-0518,841-593-1044
598-14-0184,706-289-1186
486-79-7055,782-211-6318
547-28-0063,503-516-5399
606-69-4536,540-923-4779
179-12-0807,699-289-1634
124-68-4384,453-857-4847
523-54-6612,381-234-1073
556-60-2009,555-438-9049
498-95-2178,412-801-0872
828-96-6019,958-305-5458
585-35-4963,866-696-9199
136-54-8910,224-682-6675
867-66-7306,983-426-7799
621-54-3844,775-155-8074
682-36-2695,155-303-8121
117-27-1493,639-359-4224
728-69-3277,342-261-9786
763-94-5258,641-539-2010
634-07-5518,667-196-6252
539-20-0419,111-391-7010
873-09-6543,107-356-2652
328-37-7671,532-154-0669
473-15-4873,768-652-9332
417-84-5534,352-109-3083
549-23-1353,174-313-5276
267-70-3335,813-720-4065
865-55-9185,882-500-5455
143-62-1378,544-607-7863
583-47-3824,241-959-8846
283-02-6264,472-515-9239
386-19-1948,584-192-6119
349-84-2011,108-977-7108
884-03-6869,827-579-2366
739-31-3837,374-971-2226
211-88-5325,358-734-3971
197-91-7354,425-600-3444
475-46-0300,858-948-8501
780-04-7466,259-375-2649
339-95-4790,675-692-2328
171-44-3176,730-372-9440
323-57-6027,957-123-9825
217-67-2458,973-682-7190
816-16-7393,410-993-6030
426-13-3630,768-737-7866
240-54-2435,426-701-7093
784-88-7888,299-896-8012
713-72-6717,524-110-2913
788-88-5812,814-236-7391
456-70-9190,979-967-4484
128-01-8977,139-490-8639
769-80-9541,894-688-5757
389-71-8810,249-511-7637
717-57-7474,731-845-4719
715-26-6309,893-776-7887
738-09-2225,552-920-3123
330-44-3130,261-475-9038
890-09-9587,115-478-7565
683-56-5692,372-732-6397
566-26-8425,544-507-4390
109-78-2287,665-127-7347
231-73-6282,951-239-1229
545-47-7856,909-595-6281
719-32-7650,157-297-6200
199-16-3414,879-409-9222
449-97-7782,100-689-5591
122-34-6431,361-106-1046
540-17-3234,904-146-1126
145-13-4040,316-817-3947
379-61-9217,771-852-5681
440-78-7905,590-597-9686
865-75-1999,166-560-5335
877-85-1937,308-483-6748
460-53-4051,163-712-0728
366-01-8627,973-522-7132
150-64-1141,484-180-9842
111-14-4035,571-170-6386
326-77-4862,754-802-9616
620-05-3906,148-988-5207
183-60-2482,852-790-6234
257-37-6364,689-940-7405
899-71-9139,574-753-2526
223-28-4211,330-950-3004
786-19-0550,495-796-6437
855-47-0681,122-736-5189
444-09-8898,983-519-8078
346-51-3003,937-263-8682
266-02-2308,163-406-6959
396-51-8807,599-212-9221
386-47-6508,476-315-6058
627-75-1473,102-717-5999
261-88-4474,641-301-9099
735-09-1766,940-980-4851
713-49-5324,857-169-9663
484-28-8120,637-441-1512
232-81-3276,597-683-4427
874-42-2926,666-195-4019
648-09-8460,433-960-1240
699-75-1627,356-905-5431
219-88-1326,381-671-2047
154-64-5120,100-868-9438
221-05-2354,746-424-6546
575-52-9972,126-181-2993
529-05-6709,155-273-1050
844-83-6380,710-276-5687
292-07-9816,894-466-8768
620-32-5287,195-222-8705
544-50-4970,672-912-5229
144-19-7048,792-325-7727
523-89-9669,129-176-9229
866-51-6605,989-364-0265
382-74-5455,926-700-5829
251-82-5920,665-174-7916
792-75-6710,663-724-9219
697-58-4069,217-491-6820
409-47-0447,338-718-1144
592-33-1259,304-613-7705
899-92-5865,447-522-8289
400-44-1592,474-222-1788
503-72-3634,958-609-5294
356-74-4107,937-300-3366
648-12-2493,447-720-7851
623-73-5626,610-667-2757
516-78-4165,929-494-0501
856-17-1881,994-416-9539
294-63-2756,742-682-1060
890-50-0325,290-934-9022
764-27-0019,199-445-1860
449-56-0187,523-460-9719
883-23-7953,240-492-6663
857-41-1658,648-785-9204
440-97-3986,669-100-6622
889-46-6228,110-701-0600
264-15-4909,498-974-1089
294-36-7643,625-720-9092
349-66-1574,195-278-5100
132-85-1110,918-692-2692
883-02-9750,692-217-3403
585-10-0162,436-833-0428
137-06-4351,243-505-5810
823-15-1233,520-488-2451
500-60-7835,802-788-6418
843-86-5084,279-787-6715
593-21-9446,637-529-0131
271-50-4827,525-865-9254
365-38-2396,951-763-3209
359-56-4711,457-136-5429
254-37-9733,490-370-1161
563-84-5577,149-793-1891
520-73-0564,276-679-7864
228-37-9104,956-577-9252
303-58-7334,138-159-3868
448-58-3554,627-937-0533
526-82-8659,613-341-1352
728-94-1993,519-815-2548
591-86-4656,950-394-3238
409-89-2062,926-697-4389
780-09-7798,200-135-4061
308-87-9763,530-231-6359
585-59-7530,481-914-6735
594-42-9711,300-245-7458
530-80-2024,467-904-1238
156-38-3175,709-769-2531
788-79-4538,102-454-1247
881-77-7805,790-949-8626
471-03-6910,405-110-7055
292-19-6901,777-950-7912
895-30-9053,713-499-9913
461-17-9498,208-952-7262
253-76-9429,880-366-3598
538-50-4902,154-650-1849
277-96-3039,716-838-6195
505-96-8520,524-351-4286
528-44-2901,240-201-1097
868-73-1920,164-787-1667
380-10-1053,256-226-8846
279-66-1990,820-753-2610
242-77-6595,243-865-6201
667-96-7267,954-633-1641
447-68-7674,834-556-7841
814-30-5386,230-958-5085
591-10-1479,263-671-4996
788-22-7358,922-400-3208
701-67-8449,792-381-2162
359-63-2790,980-347-4603
463-14-1669,139-291-3115
269-60-3412,833-568-3489
531-33-0222,850-255-4606
266-31-3315,426-798-8338
631-24-2758,564-559-1055
435-53-1807,643-199-5143
196-12-4597,767-340-0211
438-61-9756,681-981-2407
563-15-7337,835-679-9551
483-60-9157,648-546-1416
545-09-0277,639-227-4526
708-79-5229,987-105-9048
309-02-6124,121-391-6620
350-63-8580,706-208-4686
542-44-7129,734-711-9796
322-56-6600,242-971-0437
872-05-4479,290-710-7332
216-91-4823,720-678-1943
160-45-0525,394-880-1093
899-30-3095,182-865-9060
781-29-4504,146-318-8173
297-67-2054,145-936-9373
791-27-9917,907-538-9741
877-18-5589,695-766-1619
198-85-1368,867-165-3670
799-34-3497,394-283-6894
794-81-9837,965-861-0179
215-90-3587,998-960-1224
890-40-9408,331-721-4703
713-59-3447,209-212-5514
766-66-8101,238-351-6526
173-73-9252,788-473-3051
287-52-8676,488-658-9625
313-37-6939,777-960-9928
328-57-7188,533-249-9108
345-89-6370,222-572-2580
866-30-2065,290-843-2920
446-50-9467,894-274-8264
578-37-4204,501-226-6840
817-50-2330,548-788-2853
196-07-0613,545-858-7061
292-71-1137,945-250-9829
778-53-0608,214-270-4981
717-01-1653,859-381-0897
728-41-4783,806-439-0465
684-39-2110,397-875-2142
663-14-0844,777-832-6515
147-76-5570,540-789-5257
180-01-8450,969-522-4523
642-41-6564,447-595-1452
494-73-3700,205-553-8605
874-37-5284,950-656-5835
137-57-1185,931-696-0763
194-58-2045,672-933-4656
470-37-0061,874-381-0981
517-15-3272,206-540-5844
310-63-2686,680-616-1771
215-20-6685,277-334-7561
650-66-6837,669-174-8173
839-18-2974,271-844-9447
788-03-5165,750-185-9205
640-81-6896,142-426-0657
310-32-3486,790-192-2205
136-30-9627,825-331-6248
209-69-1121,405-284-1331
426-70-8672,539-453-2065
234-35-5488,735-952-7422
237-37-2197,648-437-6699
760-93-8257,124-495-2123
271-87-7781,684-632-2346
222-55-7405,631-114-2487
655-55-7060,213-409-1871
416-31-8235,202-475-2397
204-38-5084,898-820-9674
776-55-1043,848-839-5333
145-21-3698,873-381-0680
474-18-1899,812-740-5600
360-87-6728,269-326-8370
539-87-8568,446-863-5091
164-09-7323,868-799-2165
119-99-5251,702-683-0633
177-74-1100,437-488-0490
429-42-6006,577-293-7586
571-04-9174,987-339-2456
579-58-1293,288-724-3765
495-35-0734,927-665-3748
100-10-3228,706-199-6204
691-69-0559,133-175-5083
429-39-8023,541-206-6066
184-94-3617,379-507-2468
686-26-3559,349-176-6275
380-44-8333,325-625-0773
355-72-8353,902-550-9518
576-73-1682,614-891-6919
672-13-3207,342-695-0380
403-63-4289,415-395-8569
781-82-0642,681-409-1691
780-68-6421,455-347-5223
413-20-7274,597-273-7301
171-06-7837,201-513-1970
368-67-1570,946-628-2780
328-15-9737,827-740-7328
511-52-1296,892-720-2838
489-41-9962,200-628-0482
589-22-0860,115-577-8233
371-33-7446,726-675-0834
374-85-0203,612-675-1508
520-11-6845,730-508-3871
733-17-9558,669-269-0022
460-53-5991,161-228-6162
132-98-6797,655-642-9910
764-32-4385,921-882-8913
231-13-4580,829-520-4683
890-74-3328,468-294-4848
249-78-1600,542-371-6608
127-61-1874,985-364-5764
531-19-3913,562-403-8474
709-16-3099,511-456-1177
619-35-3780,811-262-2172
853-97-1077,961-982-6680
745-65-4949,143-735-5020
865-24-9224,913-292-8727
258-94-8034,969-237-9072
548-35-1749,672-318-7473
542-17-1253,915-791-0336
333-12-7188,332-627-3123
719-08-1246,951-513-5244
797-65-1414,887-108-4272
633-19-3549,336-560-5663
703-59-8364,399-906-5494
557-72-4558,753-993-5035
214-18-2144,683-184-2623
527-56-9369,327-576-3210
366-44-7153,695-458-0328
839-38-1920,762-997-7665
466-93-8904,256-553-8747
353-84-1033,770-830-6063
795-43-5233,402-230-3048
660-30-8531,698-886-5198
691-43-9851,105-306-1870
135-87-1044,254-581-3929
655-46-6355,466-645-6954
433-67-4987,120-215-5052
309-38-7747,651-758-6592
493-13-0451,142-874-8078
711-54-6501,556-307-0033
365-03-9833,438-733-7948
832-74-9883,945-654-5929
420-63-4216,875-519-6023
284-59-5390,711-617-7629
369-14-6825,167-301-0011
688-85-4261,411-197-4906
826-58-4961,274-369-7477
645-37-8808,519-956-1711
883-18-3513,937-186-7386
421-66-7291,837-902-3928
448-99-8836,643-685-6939
853-51-5054,585-327-5257
432-13-8921,393-743-4666
670-26-3768,507-162-7968
347-92-0188,607-981-3992
181-30-2942,520-145-8914
181-16-5595,642-421-0286
463-62-3925,120-923-7333
827-23-4996,880-972-5381
768-81-8438,638-603-1932
680-09-9148,254-749-3688
245-99-2342,472-888-9337
401-57-2785,273-348-3313
456-84-0915,798-485-8307
524-87-4930,667-589-1520
850-38-0127,282-438-2416
735-31-9287,190-691-8213
759-61-8156,434-717-7403
499-30-2720,713-821-4638
270-83-9017,553-289-0262
382-63-7989,837-785-2926
144-07-0325,736-710-4687
793-39-1992,788-124-7760
897-51-5300,712-996-3897
423-99-9729,483-363-0501
755-46-6652,770-456-4787
529-86-3328,391-598-8670
725-24-9370,978-776-2921
207-76-9629,583-646-5194
126-17-0466,197-932-9144
597-04-5650,232-169-1108
732-47-3228,161-645-2328
143-26-7354,372-930-5450
792-10-0815,639-692-1112
761-84-7976,965-856-7154
621-91-0448,922-850-6041
154-39-4322,616-670-1108
156-58-5683,820-399-0865
696-68-8738,860-268-6695
740-92-0027,450-702-5187
493-20-7707,530-574-5195
435-89-8860,771-556-3873
449-81-1640,606-666-6385
598-90-8764,875-877-4490
516-08-6593,396-213-5154
673-37-5702,855-276-4489
509-31-7369,748-713-2389
238-03-6841,318-800-0380
501-78-1135,806-669-1499
287-45-0991,215-568-4584
312-55-0874,554-937-8137
321-53-4524,473-473-6679
161-30-6881,304-753-4564
433-11-0743,260-594-2771
531-14-6224,869-416-6003
585-45-8804,315-976-7406
455-84-1562,494-584-0459
638-30-7279,657-565-6198
598-46-0784,953-902-4010
310-51-8112,442-837-9446
809-38-2510,950-553-7561
523-25-0058,285-619-1059
476-13-5179,875-835-9307
768-94-5990,671-698-9163
735-17-2107,506-214-6261
507-33-1212,452-884-2680
743-54-0665,161-557-2166
347-44-8324,187-786-7176
488-36-3511,424-287-4775
592-68-8734,832-479-5658
125-13-8011,260-692-7052
836-47-8350,419-802-1537
137-31-2403,909-449-7276
644-79-4939,240-837-5162
433-12-4320,957-824-9501
691-12-6312,447-209-0756
431-47-0452,925-237-4425
133-78-3697,118-531-1908
553-61-9641,387-286-2301
838-38-1461,922-641-8276
463-77-6146,980-415-2936
140-29-7296,874-716-3680
761-71-8082,119-475-3543
564-62-5241,212-577-3012
157-85-2085,244-102-0978
467-88-9872,436-296-5075
460-28-3078,543-773-3942
562-47-5193,401-570-1299
365-17-3026,840-464-8773
207-67-6944,670-308-2202
510-01-8284,225-589-7185
176-90-1364,195-344-7775
792-15-8877,553-580-8151
355-82-8352,915-986-1607
805-74-6239,589-399-1136
188-54-8148,642-780-4994
887-58-5719,205-294-6075
746-85-0666,558-887-0651
600-25-9165,727-445-7596
705-55-4197,737-723-3238
552-59-1874,692-712-8781
402-85-7361,441-310-7934
257-87-9668,832-469-5522
447-27-2420,106-192-5777
587-08-7914,909-495-8804
573-95-2346,936-670-4896
451-75-8465,812-111-8257
310-70-9616,567-260-7864
791-58-6240,424-417-4830
621-08-7104,847-928-5288
896-20-5161,402-594-0165
392-81-2257,143-618-3375
173-04-5210,230-911-7973
727-78-0757,333-630-5895
328-39-3295,403-284-5158
448-55-5919,245-731-6314
683-19-8597,738-654-3402
582-70-7427,670-684-7479
113-58-7094,712-641-2274
354-70-2629,565-794-4139
204-33-9924,435-533-7208
555-67-5433,263-206-9354
709-28-7528,570-366-7610
187-25-4842,579-476-3677
263-35-1127,494-790-5906
609-54-5911,151-178-1155
536-93-3053,303-537-6699
235-04-4875,775-770-5887
723-71-4007,893-552-8151
216-37-6272,179-346-6377
615-15-8996,438-356-4462
805-88-1587,658-758-9038
706-71-2289,189-153-5472
194-50-3513,931-533-4240
799-13-2450,425-582-3250
427-08-8037,497-966-7716
809-71-9941,118-363-8707
389-85-4650,423-469-1053
231-71-5510,385-191-8138
512-32-8374,529-373-8418
430-87-6940,938-166-5912
389-86-0748,264-544-8906
765-11-7536,578-178-1382
188-59-1083,714-272-5894
531-37-9633,787-306-3025
565-76-4186,955-573-4152
527-52-7586,813-519-3167
576-12-2856,874-292-5951
791-35-8506,626-398-9437
168-64-5643,263-695-0465
781-53-5596,512-645-8410
897-64-1614,731-196-5967
775-15-1451,130-510-4032
822-94-8945,527-201-1035
468-37-7877,454-257-0743
632-08-0753,455-217-7209
705-96-1639,845-126-1668
454-57-6818,176-801-0752
560-45-3602,120-721-7051
620-58-3064,574-676-2349
309-48-1417,503-526-8534
418-96-5777,982-210-9047
195-67-6253,829-244-5013
853-26-9045,964-790-5432
897-82-3316,343-541-7156
269-05-7067,970-444-4027
799-54-6238,947-534-3949
789-01-4672,248-420-0007
593-96-1576,476-992-7933
653-11-9149,378-211-6357
889-28-0761,649-246-0487
531-53-1655,692-143-2176
650-23-2985,677-789-0309
755-96-4312,736-783-1735
595-91-2228,546-918-3598
462-61-8782,561-911-1718
661-66-3428,577-603-5356
766-67-6580,722-165-8570
716-23-2518,420-472-8693
707-46-5985,247-411-6936
589-23-1334,508-593-3033
384-98-1112,445-697-5550
368-29-1722,742-481-1506
687-63-9540,818-803-5217
775-36-1188,398-145-2208
466-12-6389,235-920-6693
705-33-0674,537-530-9384
458-02-2648,229-759-6229
459-09-8978,908-456-1973
185-14-5024,198-977-7107
163-07-9290,707-884-6929
133-91-6225,136-722-1853
121-11-9274,368-529-6536
310-63-1746,104-521-5649
763-70-9936,560-759-0733
848-64-7682,815-734-5064
109-57-6710,257-504-4045
855-21-2184,308-655-3230
150-68-1770,313-191-5030
687-31-3116,768-624-4015
595-75-3340,830-139-7460
211-57-7798,550-656-2564
374-28-1166,658-781-8878
331-47-3719,941-268-1532
194-06-6789,181-782-9069
148-86-6570,303-391-2121
273-61-3686,537-958-6041
679-92-2183,776-666-1287
722-02-2464,330-867-2065
243-17-6053,448-541-7048
813-54-3556,572-167-2655
112-39-0486,876-527-3703
492-92-9185,518-721-4293
244-08-5627,534-678-4694
860-11-8299,939-470-3247
365-25-4742,936-289-0213
468-07-0909,613-423-5313
836-08-3692,145-277-3339
769-88-5005,941-482-5196
877-84-2308,157-307-3131
616-05-9662,658-723-4986
294-49-8391,287-603-4613
192-43-0458,503-352-6202
435-27-4450,972-611-8566
896-78-4270,172-339-8475
739-80-2582,820-399-2859
870-74-5808,867-921-4990
880-49-9357,484-802-5157
738-99-8089,517-133-0337
