national-id,first-name,second-name,phone-number,
743-89-4723,Ray,Smaile,695-307-0021,
830-31-7767,Clarice,Eplate,522-773-4352,
827-36-3057,Hugh,Sichardt,448-365-2378,
762-54-7309,Vina,Skouling,848-237-9115,
603-64-1283,Clark,Gohn,431-880-5406,
702-19-0665,Judye,Funnell,161-863-0495,
480-50-2232,Lenette,De Domenico,832-886-1384,
517-92-1357,May,Albone,483-123-8997,
751-03-6314,Trula,Garvagh,498-594-8982,
282-35-6477,Dina,Norway,887-848-4712,
219-35-9867,Milena,Addis,764-257-9706,
705-49-4470,Theodoric,Talman,204-142-9767,
776-37-2443,Antonius,Dicks,523-896-3874,
623-76-4158,Clint,Waldram,575-115-9428,
492-34-0455,Felic,Ivimey,479-946-3491,
776-91-7933,Jacinda,Baribal,518-307-7231,
536-75-7245,Rebecka,Rickerd,874-633-2500,
278-89-8025,Easter,Gollop,118-357-5530,
281-60-2770,Zelda,Plenty,753-866-1318,
280-46-4742,Towny,Faragan,856-551-1666,
434-41-0980,Ryan,Wreight,387-710-0135,
284-95-0390,Christel,Yashunin,580-456-4440,
780-15-8649,Hilliary,Ovell,352-875-2593,
114-83-8870,Flynn,Caldron,728-471-9389,
254-07-3109,Bellina,Sandeford,464-363-0879,
368-33-5439,Janel,Dell Casa,637-131-5528,
521-16-8737,Fancy,Minot,654-990-2216,
257-07-8787,Venita,Merry,495-413-7684,
358-18-5297,Avictor,Grolmann,841-788-0995,
701-21-4525,Joe,Andrusyak,422-543-7508,
847-12-1516,Madalyn,Glasgow,986-693-6567,
734-86-0473,Averyl,Kluss,687-729-5405,
319-77-1863,Fania,Guiness,693-655-6661,
665-97-1898,Anestassia,Antognozzii,613-601-4764,
808-51-9881,Elsworth,Eddow,848-587-9091,
312-93-4263,Davey,Rigby,706-978-0996,
473-12-5472,Trina,Raymen,669-627-3405,
796-12-7420,Cybill,Durtnal,648-694-6171,
491-22-7208,Thane,Eddisforth,208-252-1185,
484-50-8438,Elysha,Clover,483-362-4954,
764-82-0333,Tallia,Lourens,514-377-9436,
297-91-4019,Joaquin,Van der Hoeven,535-186-7722,
303-40-8575,Allene,Kittiman,396-760-8355,
389-63-7188,Brandise,Robinson,115-496-3923,
805-34-9733,Vittoria,Seaking,604-833-9378,
310-77-0568,Joby,Folini,161-811-7632,
265-41-4344,Hayes,Sessuns,728-927-6392,
178-69-7200,Angel,Balthasar,539-242-3698,
299-01-3980,Antonius,Taborre,888-113-7486,
818-89-2957,Audrye,Swain,661-173-1927,
207-44-3291,Levin,Cullinane,518-417-9238,
540-11-3027,Sunshine,Barkhouse,912-772-1035,
330-15-1999,Norris,Aslet,986-950-9047,
225-92-9260,Aluino,D'Agostini,230-605-4946,
702-32-1092,Sybil,Cursey,763-653-0343,
575-89-4915,Bary,Pennino,203-276-8385,
214-01-2985,Drucill,Van der Krui,322-187-0453,
632-33-3121,Marve,Louis,932-438-1151,
382-61-0730,Zia,Sivier,768-408-3078,
110-22-7477,Rikki,Ciccarello,677-182-4170,
885-19-4224,Zelig,Springtorp,889-696-2873,
241-22-9271,Kelsy,Kas,479-339-6472,
362-09-3861,Honor,Ilewicz,733-691-7028,
843-02-9919,Chandler,Esome,330-330-9489,
108-05-6771,Mychal,Widdowes,642-869-2148,
870-19-4720,Rani,Kimble,729-257-3703,
568-24-0171,Brina,Cess,222-845-7794,
446-49-6312,Felice,Hanwright,464-552-2397,
240-69-3885,Marylee,Gellibrand,989-786-2418,
248-54-2525,Felicio,Clogg,208-545-2855,
578-60-1793,Janice,Geratasch,452-565-7824,
850-26-4864,Claude,Murtell,587-169-4811,
879-83-8484,Lurette,Cline,339-936-3995,
339-28-1218,Josey,Treadway,965-673-0488,
745-07-4813,Demott,Fasse,331-742-0700,
724-29-5256,Cinda,Stepney,431-435-3107,
464-49-0266,Alessandro,Kubat,165-824-1755,
411-06-5988,Corinna,Puvia,953-184-2908,
302-05-0749,Goldina,Handyside,234-859-0559,
571-56-4118,Walker,Lyddiatt,937-983-7910,
196-83-4708,Tilda,Armfirld,672-341-1647,
108-42-8300,Zia,Grellier,278-576-0746,
636-70-0537,Berta,Biset,414-626-6839,
544-43-3643,Hew,Vargas,870-543-1148,
406-55-8472,Ber,Rizon,158-751-4275,
189-04-4911,Bertie,Halden,596-130-3439,
376-69-6090,Laurice,Benjamin,412-482-7545,
601-71-6770,Edgardo,Douch,365-289-0727,
720-77-6992,Boony,Grundon,122-155-1427,
345-63-0555,Godfry,Crielly,317-336-1870,
843-47-1512,Addy,Tibbits,759-926-9195,
795-77-2904,Marve,Prestige,737-670-3276,
613-30-6648,Harlan,Dowdell,650-461-8395,
862-84-3118,Ranice,O' Neligan,270-282-9002,
818-32-3028,Donnie,Bernardotti,992-265-7726,
554-39-1194,Farand,Tinker,317-278-3792,
419-20-3332,Hedvige,Trippack,814-624-1299,
841-82-0847,Lucretia,Plank,927-497-5878,
629-23-6394,Darryl,Eglin,270-855-7818,
773-31-1767,Frayda,Noto,491-767-2555,
284-64-6430,Graeme,Fownes,789-149-7273,
891-05-3468,Guillema,Brattell,484-172-4951,
801-18-5417,Pascal,McPhail,546-970-5694,
822-92-4659,Buddie,Lawrinson,692-514-9750,
696-08-6424,Inge,Featherstonhaugh,300-772-1158,
544-43-7006,Jeremiah,Beloe,334-401-4123,
342-50-2071,Hartwell,Bilby,439-495-7316,
410-75-8267,Celeste,Thandi,918-748-2823,
638-62-9248,Jesus,Ginty,134-570-8898,
441-05-1432,Torie,Mora,517-669-0244,
383-78-9720,Donnie,Hastwell,694-797-9175,
475-52-1670,Barnabas,Grzegorzewicz,347-438-3167,
653-02-7939,Constantin,Henze,430-572-0736,
558-38-0167,Truman,Trenfield,310-699-3392,
768-40-4373,Etan,Spradbery,992-229-6852,
132-60-7686,Brantley,Soppit,746-582-6783,
144-38-9208,Adorne,Seleway,904-296-7997,
474-69-2570,Benedicto,Aldhouse,325-379-6644,
157-90-8536,Ashley,Peyto,504-982-1463,
458-96-5301,Viki,Harmon,941-790-2170,
687-19-1026,Ruthie,Jentgens,342-300-4939,
182-30-1400,Sherwood,Pearch,426-626-9002,
651-41-2855,Maxwell,Heald,282-730-2069,
734-15-7004,Vincenty,Cust,647-788-2560,
215-39-1912,Ettore,Dommersen,324-378-1790,
330-63-5970,Helen,Ballchin,744-813-3279,
690-39-5524,Clarinda,Creaney,884-516-1359,
395-37-7963,Abbie,Dacre,996-535-9122,
599-82-0675,Fallon,Daniellot,837-954-4012,
116-87-4008,Matthaeus,Nice,357-566-1898,
731-69-0409,Sarah,Silk,627-573-4998,
348-16-7150,Carson,Fishwick,282-815-5265,
626-12-1132,Enrico,Hollyar,545-677-6516,
331-09-7393,Maxy,Curcher,458-336-9987,
627-75-2480,Price,Oakman,820-101-8706,
679-88-4218,Sari,MacMeanma,511-691-9655,
660-12-9159,Myca,McQuilkin,712-745-4673,
166-98-9383,Zitella,Northway,313-339-4838,
125-83-7422,Leola,Mancer,633-318-8964,
106-78-3393,Marylou,Weber,674-618-2163,
295-59-6329,Karlotta,Dupoy,820-340-4474,
459-44-5518,Euell,Benson,922-166-1099,
679-98-1402,Ervin,Meers,272-938-6061,
695-06-9665,Charita,Revie,964-466-9401,
109-26-0384,Penn,Pain,708-686-3244,
696-59-5005,Holt,Penk,502-473-1385,
836-70-1870,Mendel,Cordery,794-628-3453,
166-76-5634,Findley,Caroline,940-976-5145,
349-45-1622,Roxana,Summerson,962-518-4139,
771-94-9465,Loise,Demschke,961-486-6451,
378-85-7652,Darcee,Treadway,280-495-4267,
464-88-1933,Eadmund,Pointer,440-638-4222,
723-12-6320,Blaine,Leggen,748-230-0406,
627-19-8403,Phyllis,Loblie,269-292-5249,
599-04-8019,Adey,Jeayes,388-471-7288,
487-02-8756,Onfre,Ruckledge,843-859-9897,
889-05-7544,Alayne,Gaughan,862-181-4302,
893-43-9098,Leanora,Le Marquand,675-550-2178,
653-73-3180,Tessie,Gaylord,926-588-3181,
277-78-0915,Cesar,Redsell,317-570-6953,
299-44-4264,Raf,Brotherwood,588-803-0477,
474-32-0545,Silvanus,Lauxmann,755-363-5225,
845-51-9408,Benetta,Keaveney,943-261-8266,
127-69-4415,Lovell,Rolance,643-269-1495,
752-94-7061,Duncan,Ebbing,105-539-0591,
158-33-9196,Patin,Sutherington,932-327-8357,
262-74-9931,Rhetta,Bartholat,734-464-3643,
324-66-8598,Rhonda,Piquard,279-178-3476,
850-58-1051,Katharine,Sidwick,535-667-4132,
101-24-3409,Jammie,McArdell,505-401-1687,
490-71-3638,Sergeant,Luton,897-809-3907,
789-36-9892,Jules,Challener,106-754-2163,
700-21-6910,Nissy,Pollastrino,209-581-6371,
691-49-9362,Ellene,Kilpin,136-603-2486,
769-77-8563,Joey,Burleigh,634-985-6527,
749-90-1263,Isobel,Mapledoore,644-312-0230,
403-46-7877,Pacorro,Hegg,436-958-4403,
788-68-0030,Whittaker,Franz-Schoninger,532-949-5026,
260-25-0797,Stefan,Loughead,109-654-4544,
355-10-5338,Beauregard,Neem,279-828-3398,
873-69-5658,Arabel,Dacombe,975-260-7743,
483-20-2446,Fielding,Mallord,214-638-9157,
352-28-3153,Brandy,Darnbrough,239-109-1677,
729-38-5868,Brena,Colebourne,694-888-7112,
415-31-1327,Falito,MacLese,163-433-2109,
306-42-2552,Barb,Pedrollo,956-743-7832,
670-35-4821,Amberly,D'Agostino,211-163-2260,
767-93-7709,Starr,Havile,688-613-5421,
591-54-5348,Don,Clemendot,148-608-1189,
191-34-6029,Hamel,Bundey,504-334-3712,
599-04-6450,Shela,Kabsch,672-269-5561,
635-37-6458,Dion,Abele,247-632-6324,
536-97-6188,Berty,Jerzykiewicz,719-203-3588,
862-19-5667,Mitchael,Maben,627-621-1771,
601-52-4030,Hugh,Albisser,588-321-9698,
281-36-6958,Willie,Houchin,369-858-3705,
362-55-3236,Phillie,Clapston,729-111-5640,
585-02-4184,Shaylynn,Selbie,921-702-1233,
134-23-4758,Nicolina,Heeley,387-875-8632,
154-81-1308,Gayler,O'Currane,748-352-8517,
500-22-6375,Adrianne,Dewerson,262-203-4082,
540-10-3444,Ignacio,Taylor,215-658-9021,
691-58-1604,Son,Honeywood,798-371-0749,
336-79-0321,Brew,Tait,321-198-0508,
597-41-8062,Aubrey,Alliband,987-268-4581,
210-26-1803,Bernadine,Kimblen,320-114-2163,
433-20-2477,Ollie,Jeromson,355-687-7336,
183-13-5283,Kent,Ledekker,668-521-3943,
869-81-6943,Lesya,Bootes,665-591-0751,
239-69-8860,Hanna,Chatres,629-505-6986,
798-57-5376,Katheryn,Varley,547-220-6810,
327-43-4152,Enoch,Sheals,291-891-0438,
127-45-7502,Mel,Leneve,440-791-5357,
145-56-2019,Marco,Wagenen,230-801-3751,
316-92-0682,Shantee,Shillan,352-613-4049,
896-66-1025,Aubrette,Luscott,190-946-6822,
472-28-9240,Elena,Hoggan,509-264-1854,
623-56-3680,Kinsley,Siman,932-474-5291,
624-99-9559,Glenden,Gwynn,609-186-4991,
407-43-7923,Tamarah,Oake,182-521-8847,
346-10-5632,Garrek,Kurdani,735-988-7803,
818-63-9494,Roxie,Halt,915-397-5838,
120-62-5829,Kerry,Want,848-175-2647,
109-03-4880,Avery,Burris,481-511-1709,
661-21-2584,Chevalier,Lappine,687-586-0934,
227-10-1640,Kingston,Ridhole,981-907-2112,
567-46-5254,Erny,Zink,279-406-7569,
691-30-6381,Solomon,Cromack,804-495-2325,
672-49-1184,Baird,Allright,846-606-8033,
744-35-0624,Sephira,Tomasino,799-310-2887,
396-95-3350,Obie,Crosscombe,908-425-2709,
769-89-6374,Quint,Kob,241-837-5821,
591-67-6205,Oran,Du Fray,474-195-3300,
441-93-0303,Stanleigh,Dumbare,293-209-1361,
486-20-2808,Danya,Clemenceau,133-360-6797,
870-04-7919,Deane,Potebury,617-104-8289,
254-83-4170,Stavros,Steger,400-401-3528,
705-04-1536,Bev,Lawleff,777-706-7677,
733-32-1740,Dal,Calley,840-535-6409,
402-34-2841,Jammal,Cookson,195-851-6681,
800-09-2239,Abbye,Exley,272-524-8478,
645-99-7347,Vivyanne,Dollman,989-998-1379,
377-18-4306,Jozef,Kivits,884-417-1419,
347-72-4980,Gwenette,Ells,708-222-9274,
705-96-2043,Richmond,Potebury,747-511-4195,
592-88-0363,Kristo,Zwicker,963-199-8119,
898-59-2485,Trudey,Mumbray,442-916-8833,
398-71-8390,Gaspar,Rosenqvist,989-666-3652,
479-67-0873,Parnell,Basillon,125-603-2207,
121-37-6696,Yvor,Aymeric,139-404-9430,
793-19-4523,Lara,Challicum,549-379-6061,
384-72-8071,Alberta,Landrean,395-616-0820,
865-39-5124,Sasha,Benion,914-226-2755,
589-03-0786,Prince,Foggo,720-784-9955,
522-51-1303,Elsinore,Aberdein,545-126-8157,
210-84-5321,Mal,Malicki,987-129-0632,
347-85-3530,Hal,Giovannilli,536-837-6984,
428-37-9406,Moina,Deddum,700-824-8795,
602-79-5746,Liza,Inchbald,524-331-0506,
483-31-7929,Jamima,Dmitriev,767-421-6986,
562-85-6682,Seward,Sycamore,283-864-1024,
671-10-2996,Lorin,Pritchitt,540-603-3699,
567-81-4262,Leighton,Hake,457-311-5268,
317-92-0570,Janith,Olland,681-797-7830,
103-82-8221,Tucky,Cupitt,844-902-4658,
190-43-4582,Harlin,Boyd,771-507-6239,
444-66-5892,Lauren,Feaks,887-281-4536,
747-61-9945,Gaelan,Cromleholme,213-873-4562,
233-88-9090,Fawnia,Caswall,930-657-7502,
396-12-6225,Fields,Brotherhood,818-683-7482,
164-99-3229,Valene,Andryunin,401-294-0369,
612-48-8618,Sandor,Bockings,807-409-9091,
774-93-4625,Alla,Pittway,339-241-1777,
219-45-9035,Lanae,Wonfar,362-877-4247,
257-99-1168,Janith,Mathivat,458-335-1355,
273-23-0309,Inness,Cuningham,914-894-4685,
202-43-6423,Vivienne,Olyunin,811-151-4337,
214-63-3281,Wilona,Filppetti,185-186-4981,
638-02-7469,Meg,Angove,896-714-7484,
110-09-5842,Olin,Suttill,495-911-9674,
151-67-1792,Bert,Saile,952-387-2984,
540-38-4714,Sarina,Grimm,971-393-7842,
665-80-0816,Wald,Kellitt,307-685-4020,
273-06-5809,Peggie,Cartwight,418-395-9038,
568-34-9477,Tibold,Kidman,895-496-0064,
730-40-8181,Ainslie,Lescop,662-973-2253,
516-66-8323,Rea,Le feaver,532-722-9780,
423-25-8959,Jasun,Sigart,129-739-6292,
131-59-0123,Quinta,Seagood,464-178-4828,
796-15-2960,Leonie,Wallwork,950-947-7400,
845-25-6847,Ruben,Purkess,312-611-2823,
523-40-2954,Beaufort,Willoughway,851-476-0036,
555-66-9356,Krissy,Kobiela,761-694-4567,
672-86-8295,Dagny,Bidnall,867-258-8099,
368-86-8233,Reinaldos,Giacobelli,475-800-6024,
833-71-9086,Jackelyn,Fellon,313-708-5790,
475-73-3722,Leeland,Vardie,309-909-1534,
757-98-5188,Olympie,Muggach,140-943-4748,
757-78-6673,Hussein,Catherine,466-332-7329,
228-41-5263,Hedwiga,Hrus,907-114-7107,
162-28-3294,Marijo,Norville,694-407-9786,
572-91-5354,Gussi,Abramin,475-949-9217,
677-05-1495,Archy,Keer,949-543-6505,
644-65-4054,Catie,Daugherty,340-549-1941,
798-39-0453,Shae,Wilsdon,229-623-3552,
651-47-6835,Samuel,Kilshaw,914-755-6724,
712-10-1267,Cole,Blowne,797-473-3986,
778-66-4899,Maude,Apark,582-964-5150,
557-74-0198,Christine,MacGille,703-395-7199,
460-84-5742,Morse,Burnip,935-469-0601,
137-88-7734,Laney,Wabb,619-927-2046,
282-89-2814,Kim,Girodier,539-349-6821,
349-01-1099,Cleve,McConville,620-651-0786,
305-25-1106,Kerwin,Lopez,180-821-6976,
846-59-8356,Glendon,Ratt,299-929-7668,
737-71-6922,Wells,Petrovykh,827-472-6320,
336-76-9534,Dorian,McMenamie,913-757-5879,
417-43-7902,Vittoria,Welbeck,392-770-5217,
249-49-7751,Jacques,Doby,390-657-2253,
505-12-3796,Joelle,MacCrossan,982-485-6882,
868-88-5371,Vicki,Mechan,193-510-2521,
347-92-4554,Baryram,Frisdick,692-380-6401,
129-68-2674,Basil,Willimont,792-136-2309,
784-67-6472,Fionnula,Gilffilland,735-605-6742,
635-81-4653,Raeann,Du Hamel,185-639-6853,
322-36-5807,Phillida,McIlwraith,448-530-2776,
414-55-6956,Davey,Worton,291-204-9583,
850-77-0866,Nikolaos,Mitchard,331-152-5355,
399-08-5341,Lanita,Ringrose,331-243-5466,
592-97-7844,Bernelle,Kingsford,165-129-8112,
293-60-8968,Biddy,Coxon,317-257-6507,
681-87-3808,Clem,Partrick,361-182-7528,
466-96-7237,Nicolette,Slamaker,336-359-6361,
769-09-8307,Chane,Morphet,254-294-8217,
579-38-9002,Darcie,Lownds,393-219-0934,
240-57-6183,Alasteir,Booty,580-612-6104,
136-39-3105,Giacopo,Backshall,185-149-2515,
232-45-9426,Henrietta,Marcinkowski,363-819-2159,
280-65-6633,Danyette,Loudyan,851-431-4936,
175-97-6813,Alair,Mersh,633-888-9818,
633-99-4622,Faina,Kennerley,653-936-9579,
127-78-6663,Roberto,Blackham,740-345-7960,
796-62-2036,Blanca,Ends,504-207-0225,
419-54-8116,Dalila,Tabram,926-480-3958,
100-69-0740,Raimondo,Du Plantier,100-944-6026,
629-23-7105,Sindee,Skaid,667-519-3205,
313-54-7285,Oralee,Camin,726-358-3911,
351-13-1968,Gene,Dysert,266-514-0939,
492-45-3612,Debra,Thorndale,647-959-6763,
667-19-4827,Ralf,Twigg,453-879-3347,
506-44-7744,Cherish,Roakes,971-505-3805,
535-69-9454,William,Simonett,828-817-3686,
885-16-8586,Howey,Blacker,755-888-2825,
640-60-2179,Genia,Giovannacc@i,937-756-5763,
574-95-6862,Victoir,Deppen,273-472-1135,
777-17-8430,Gabriella,Folkerts,947-996-6830,
859-77-0799,Phillie,Roydon,388-364-1517,
204-90-1574,Emogene,Daines,650-414-9150,
857-39-9892,Elliott,Kenewell,459-216-4057,
375-38-4807,Isiahi,Hendriks,589-878-5693,
320-64-0941,Carolin,Kahan,793-820-5687,
733-61-2860,Tate,Dubbin,117-490-6935,
508-21-3093,Letizia,Harold,127-800-2868,
514-35-9554,Gerhardt,McArd,603-207-9748,
562-07-7782,Laney,Prati,202-502-0407,
104-31-5539,Zebulon,Blackledge,479-129-2774,
248-57-2633,Alana,Poller,368-972-1900,
544-34-2040,Thomasina,Blyth,697-739-8945,
719-91-1271,Alleen,Picardo,569-162-9280,
767-29-5143,Kristos,Jewar,720-498-6228,
779-40-9343,Nessy,O'Giany,858-906-3743,
286-85-7347,Happy,Cassell,413-877-1476,
703-19-8231,Phineas,Wildin,348-322-1985,
279-29-8830,Morna,Peachey,621-813-6449,
497-85-9604,Isak,Pavlovic,682-597-2292,
778-77-5690,Pavla,Copper,255-218-8089,
825-18-8139,Jimmy,Filshin,924-617-5642,
615-66-7006,Filide,Cordall,854-215-5367,
832-10-6285,Allister,Murfin,691-505-6255,
892-70-0970,Ardella,MacMeanma,664-965-3798,
293-97-2744,Reidar,Iacomo,341-322-8394,
348-68-4424,Odele,Swinn,767-652-5945,
481-48-3012,Irwinn,Riby,235-485-1226,
861-20-3312,Vanya,Kilbride,314-134-8070,
812-43-6670,Orelie,Downgate,713-437-3127,
178-48-3033,Juditha,Gardener,474-252-6039,
873-04-0655,Edd,Rayner,460-114-3517,
191-79-8205,Zachery,Pheasey,934-777-1798,
539-78-1380,Kim,Penhale,214-214-2997,
117-98-7729,Flossi,Playford,951-889-8485,
266-63-7682,Steven,Colam,169-211-4139,
222-15-4840,Gennie,Childers,397-225-1863,
450-93-1671,Michell,Delue,346-740-5605,
300-66-7381,Mag,Wenzel,534-523-1646,
467-52-5320,Beale,Spellissy,524-497-6102,
680-33-0389,Trevor,Lambrick,793-153-0354,
471-85-9650,Brew,Egginson,260-394-6599,
489-98-2713,Adam,McGorman,566-102-8165,
252-78-6678,Joann,Dupoy,267-117-7760,
599-37-1379,Wilone,Regus,973-247-9128,
796-81-9760,Adham,Braddon,559-266-5241,
754-66-6115,Skip,Brotherhead,683-589-2002,
842-48-8794,Dael,Gahan,232-815-4903,
238-11-3015,Orran,Bernolet,619-940-6103,
872-49-5070,Omar,Cowburn,644-318-3553,
734-23-2404,Kare,Hamblin,135-987-3694,
221-76-5081,Clarabelle,Blythin,358-250-9564,
806-47-1414,Aida,MacCaughey,850-122-5894,
864-74-9554,Thurston,Rosas,673-271-2751,
704-02-5305,Klaus,Hartright,308-170-6024,
552-73-6288,Avie,Reddlesden,530-294-0160,
796-67-7545,Michaeline,Ledgister,224-303-1950,
842-01-0750,Lillian,Frederick,878-314-2421,
462-63-8744,Julianna,Girauld,774-475-0397,
658-24-6241,Jackie,Moncrieffe,523-501-5240,
208-64-0724,Maribel,MacNamara,955-269-5799,
478-38-1840,Oswald,Widdowes,333-354-5428,
571-28-3306,Katya,Killeen,590-346-5369,
812-73-1209,Kelley,Lapping,528-469-4081,
193-01-8297,Zola,Chretien,718-855-9677,
605-22-3957,Vivie,Lysons,139-474-3171,
169-68-5770,Danita,Marcos,973-929-7802,
732-70-9934,Alyosha,Geggie,760-839-6728,
344-49-4790,Fayre,Peinton,317-423-1649,
493-45-9818,Cammy,Rosterne,386-997-6504,
651-47-7308,Horton,McClaren,640-168-9164,
256-28-2372,Juana,Sarll,421-326-7997,
563-43-2021,Sidney,Titterington,796-214-8605,
230-97-3374,Elysia,Dunphie,798-839-2575,
677-68-2887,Chan,Crane,158-884-0139,
196-29-0518,Ealasaid,Murname,841-593-1044,
598-14-0184,Saleem,Burker,706-289-1186,
486-79-7055,Brandtr,Cliburn,782-211-6318,
547-28-0063,Colan,Doiley,503-516-5399,
606-69-4536,Sydelle,Olekhov,540-923-4779,
179-12-0807,Cairistiona,Lillicrap,699-289-1634,
124-68-4384,Emma,McCaig,453-857-4847,
523-54-6612,Ludovika,Shills,381-234-1073,
556-60-2009,Yelena,Gorvin,555-438-9049,
498-95-2178,Jean,Woolpert,412-801-0872,
828-96-6019,Teddie,Duran,958-305-5458,
585-35-4963,Kassey,Benes,866-696-9199,
136-54-8910,Jdavie,Ledgerton,224-682-6675,
867-66-7306,Kelcie,Bleue,983-426-7799,
621-54-3844,Christie,Crofthwaite,775-155-8074,
682-36-2695,Christi,Han,155-303-8121,
117-27-1493,Philis,Tarry,639-359-4224,
728-69-3277,Carlotta,Patkin,342-261-9786,
763-94-5258,Emelen,Stading,641-539-2010,
634-07-5518,Tallulah,Grafton,667-196-6252,
539-20-0419,Ines,Pampling,111-391-7010,
873-09-6543,Harrison,Whitrod,107-356-2652,
328-37-7671,Bebe,Grimley,532-154-0669,
473-15-4873,Alisa,Quayle,768-652-9332,
417-84-5534,Franky,Rodie,352-109-3083,
549-23-1353,Marion,Manueli,174-313-5276,
267-70-3335,Aaren,Pallasch,813-720-4065,
865-55-9185,Dannel,Challin,882-500-5455,
143-62-1378,Donny,Boyall,544-607-7863,
583-47-3824,Lorettalorna,Ruddiman,241-959-8846,
283-02-6264,Gilberto,Brooks,472-515-9239,
386-19-1948,Bernie,Aphale,584-192-6119,
349-84-2011,Rutter,Mattacks,108-977-7108,
884-03-6869,Korrie,Rohlf,827-579-2366,
739-31-3837,Harbert,Hartin,374-971-2226,
211-88-5325,Arlene,Shillabeare,358-734-3971,
197-91-7354,Milly,Cowell,425-600-3444,
475-46-0300,Mannie,Cafe,858-948-8501,
780-04-7466,Fenelia,Davet,259-375-2649,
339-95-4790,Patrice,Castiello,675-692-2328,
171-44-3176,Bron,Forward,730-372-9440,
323-57-6027,Pinchas,Mixter,957-123-9825,
217-67-2458,Allen,Scuse,973-682-7190,
816-16-7393,Agosto,Constanza,410-993-6030,
426-13-3630,Leandra,McKellar,768-737-7866,
240-54-2435,Tommy,Virgoe,426-701-7093,
784-88-7888,Juliane,Iacopo,299-896-8012,
713-72-6717,Devlen,Book,524-110-2913,
788-88-5812,Birgitta,Hapgood,814-236-7391,
456-70-9190,Monroe,Aspy,979-967-4484,
128-01-8977,Johnette,Bissiker,139-490-8639,
769-80-9541,Doralynne,Harmour,894-688-5757,
389-71-8810,Kassey,Gledhill,249-511-7637,
717-57-7474,Hildy,Minillo,731-845-4719,
715-26-6309,Albrecht,Banfill,893-776-7887,
738-09-2225,Jerrine,Finlason,552-920-3123,
330-44-3130,Dix,Golden,261-475-9038,
890-09-9587,Darcee,Tallon,115-478-7565,
683-56-5692,Bernetta,Lean,372-732-6397,
566-26-8425,Monro,Scrowby,544-507-4390,
109-78-2287,Darya,Gittis,665-127-7347,
231-73-6282,Cullin,McCormack,951-239-1229,
545-47-7856,Daren,Deighton,909-595-6281,
719-32-7650,Karrah,Tomlin,157-297-6200,
199-16-3414,Heath,Trewin,879-409-9222,
449-97-7782,Cordey,Shervil,100-689-5591,
122-34-6431,Haroun,McShea,361-106-1046,
540-17-3234,Parnell,Scogings,904-146-1126,
145-13-4040,Dyane,Padrick,316-817-3947,
379-61-9217,Auberon,Belliss,771-852-5681,
440-78-7905,Chilton,Jacke,590-597-9686,
865-75-1999,Hyacinthe,Hambright,166-560-5335,
877-85-1937,Clemmie,Panks,308-483-6748,
460-53-4051,Dulcie,Bowater,163-712-0728,
366-01-8627,Sandro,Gay,973-522-7132,
150-64-1141,Paton,Riddiford,484-180-9842,
111-14-4035,Bridget,Fryett,571-170-6386,
326-77-4862,Scotti,Yellowley,754-802-9616,
620-05-3906,Helene,Maycey,148-988-5207,
183-60-2482,Nicolina,Mival,852-790-6234,
257-37-6364,Cassi,Maymond,689-940-7405,
899-71-9139,Joann,Albery,574-753-2526,
223-28-4211,Baxy,Fasler,330-950-3004,
786-19-0550,Rinaldo,Henrot,495-796-6437,
855-47-0681,Judi,Vaz,122-736-5189,
444-09-8898,Rachael,Denekamp,983-519-8078,
346-51-3003,Kristofer,Cammack,937-263-8682,
266-02-2308,Clemmy,Daens,163-406-6959,
396-51-8807,Ed,Dabinett,599-212-9221,
386-47-6508,Nicoline,Atyeo,476-315-6058,
627-75-1473,Dougie,Teresia,102-717-5999,
261-88-4474,Stuart,August,641-301-9099,
735-09-1766,Neile,Jennaroy,940-980-4851,
713-49-5324,Adlai,Willford,857-169-9663,
484-28-8120,Danila,Risbridger,637-441-1512,
232-81-3276,Delia,Grant,597-683-4427,
874-42-2926,Brear,Yepiskov,666-195-4019,
648-09-8460,Edgar,Artin,433-960-1240,
699-75-1627,August,Van Cassel,356-905-5431,
219-88-1326,Rea,Neachell,381-671-2047,
154-64-5120,Ernaline,Kirtley,100-868-9438,
221-05-2354,Blakelee,Croxford,746-424-6546,
575-52-9972,Reynolds,Moran,126-181-2993,
529-05-6709,Erskine,Keford,155-273-1050,
844-83-6380,Rowe,Casali,710-276-5687,
292-07-9816,Rivalee,Liversley,894-466-8768,
620-32-5287,Joya,Minster,195-222-8705,
544-50-4970,Beverie,Bramhall,672-912-5229,
144-19-7048,Jessika,Aland,792-325-7727,
523-89-9669,Ethelind,Brawson,129-176-9229,
866-51-6605,Jackson,Mahood,989-364-0265,
382-74-5455,Pamelina,Albrecht,926-700-5829,
251-82-5920,Zelda,Fairbank,665-174-7916,
792-75-6710,Tally,Philler,663-724-9219,
697-58-4069,Sally,Fairbourne,217-491-6820,
409-47-0447,Wilburt,Wastell,338-718-1144,
592-33-1259,Lorrie,Bawcock,304-613-7705,
899-92-5865,Paulie,Kirkam,447-522-8289,
400-44-1592,Cassondra,Woodyatt,474-222-1788,
503-72-3634,Bowie,Doy,958-609-5294,
356-74-4107,Maurita,Kervin,937-300-3366,
648-12-2493,Carr,Parrin,447-720-7851,
623-73-5626,Rachel,Giraldez,610-667-2757,
516-78-4165,Wilden,Whiteson,929-494-0501,
856-17-1881,Elvira,Suart,994-416-9539,
294-63-2756,Adrienne,Boriston,742-682-1060,
890-50-0325,Deedee,Ciobutaru,290-934-9022,
764-27-0019,Jacinthe,Ollerhad,199-445-1860,
449-56-0187,Franciska,Eneas,523-460-9719,
883-23-7953,Reed,Simpkins,240-492-6663,
857-41-1658,Robers,Boardman,648-785-9204,
440-97-3986,Duffy,Douberday,669-100-6622,
889-46-6228,Janie,Jockle,110-701-0600,
264-15-4909,Legra,Ellul,498-974-1089,
294-36-7643,Kerk,Haselden,625-720-9092,
349-66-1574,Wyatan,Rubinsohn,195-278-5100,
132-85-1110,Annadiane,Vine,918-692-2692,
883-02-9750,Margarette,Gallimore,692-217-3403,
585-10-0162,Harland,Noice,436-833-0428,
137-06-4351,Fields,Mann,243-505-5810,
823-15-1233,Frayda,Wildman,520-488-2451,
500-60-7835,Hercule,Pepineaux,802-788-6418,
843-86-5084,Ruggiero,De Biaggi,279-787-6715,
593-21-9446,Raffaello,Basham,637-529-0131,
271-50-4827,Pren,Sherbrook,525-865-9254,
365-38-2396,Jeramie,Hayworth,951-763-3209,
359-56-4711,Shanda,Dufoure,457-136-5429,
254-37-9733,Jane,Hirthe,490-370-1161,
563-84-5577,Edwina,Crass,149-793-1891,
520-73-0564,Barry,Gally,276-679-7864,
228-37-9104,Josi,Lazenby,956-577-9252,
303-58-7334,Biddy,Pinson,138-159-3868,
448-58-3554,Merle,Pittam,627-937-0533,
526-82-8659,Anatole,Whittlesee,613-341-1352,
728-94-1993,Dale,Laughren,519-815-2548,
591-86-4656,Mureil,Siburn,950-394-3238,
409-89-2062,Clotilda,Ablett,926-697-4389,
780-09-7798,Mikael,Hearnaman,200-135-4061,
308-87-9763,Lizabeth,Banister,530-231-6359,
585-59-7530,Deena,Dartan,481-914-6735,
594-42-9711,Johnnie,Goodman,300-245-7458,
530-80-2024,Kiri,Cleveland,467-904-1238,
156-38-3175,Frederigo,Chaise,709-769-2531,
788-79-4538,Nadine,Jago,102-454-1247,
881-77-7805,Rosalynd,Roggieri,790-949-8626,
471-03-6910,Casandra,Minshull,405-110-7055,
292-19-6901,Lacy,Bottom,777-950-7912,
895-30-9053,Wilone,Pittwood,713-499-9913,
461-17-9498,Morissa,Arnauduc,208-952-7262,
253-76-9429,Vere,Overel,880-366-3598,
538-50-4902,Sidnee,Lazarus,154-650-1849,
277-96-3039,Chrystal,Rayworth,716-838-6195,
505-96-8520,Aura,Lea,524-351-4286,
528-44-2901,Perkin,Dow,240-201-1097,
868-73-1920,Hakim,Snalum,164-787-1667,
380-10-1053,Flynn,Lorenzin,256-226-8846,
279-66-1990,Kylie,McSporon,820-753-2610,
242-77-6595,Kizzie,Ambrogio,243-865-6201,
667-96-7267,Lorrie,Dimmick,954-633-1641,
447-68-7674,Pancho,Temblett,834-556-7841,
814-30-5386,Dallas,Jeffels,230-958-5085,
591-10-1479,Obidiah,Hardesty,263-671-4996,
788-22-7358,Karissa,Rathbone,922-400-3208,
701-67-8449,Phylis,McPake,792-381-2162,
359-63-2790,Cross,Warbrick,980-347-4603,
463-14-1669,Carolynn,Maxwale,139-291-3115,
269-60-3412,Georgie,Favill,833-568-3489,
531-33-0222,Halette,Reimer,850-255-4606,
266-31-3315,Hyacintha,Klassmann,426-798-8338,
631-24-2758,Romeo,Ashlee,564-559-1055,
435-53-1807,Veriee,Reeday,643-199-5143,
196-12-4597,Birdie,Faire,767-340-0211,
438-61-9756,Elton,Czapla,681-981-2407,
563-15-7337,Athena,Basant,835-679-9551,
483-60-9157,Andrey,Loveless,648-546-1416,
545-09-0277,Jonas,Fockes,639-227-4526,
708-79-5229,Averell,Tait,987-105-9048,
309-02-6124,Thalia,Hartridge,121-391-6620,
350-63-8580,Tomi,Stuckes,706-208-4686,
542-44-7129,Maribelle,Macieja,734-711-9796,
322-56-6600,Odille,Isakovitch,242-971-0437,
872-05-4479,Jena,Jerman,290-710-7332,
216-91-4823,Marianna,Lincey,720-678-1943,
160-45-0525,Sisile,Wainer,394-880-1093,
899-30-3095,Wheeler,Shenfish,182-865-9060,
781-29-4504,Jodee,Ingerith,146-318-8173,
297-67-2054,Eduardo,Randal,145-936-9373,
791-27-9917,Gearalt,Durrans,907-538-9741,
877-18-5589,Simon,De Meis,695-766-1619,
198-85-1368,Gian,Iacoboni,867-165-3670,
799-34-3497,Rodolphe,Da Costa,394-283-6894,
794-81-9837,Natal,Sokale,965-861-0179,
215-90-3587,Ellerey,Capstack,998-960-1224,
890-40-9408,Rourke,McKim,331-721-4703,
713-59-3447,Kipp,Saddington,209-212-5514,
766-66-8101,Feodora,Penni,238-351-6526,
173-73-9252,Ella,Poulgreen,788-473-3051,
287-52-8676,Jazmin,ducarme,488-658-9625,
313-37-6939,Teddie,Orange,777-960-9928,
328-57-7188,Susi,Bartholomieu,533-249-9108,
345-89-6370,Imogen,Sarsfield,222-572-2580,
866-30-2065,Hilary,Bassano,290-843-2920,
446-50-9467,Katherine,Label,894-274-8264,
578-37-4204,Kerry,Suthren,501-226-6840,
817-50-2330,Darrell,Cornell,548-788-2853,
196-07-0613,Audra,de Chastelain,545-858-7061,
292-71-1137,Walsh,Tickel,945-250-9829,
778-53-0608,Lizzie,Westnage,214-270-4981,
717-01-1653,Zahara,Trass,859-381-0897,
728-41-4783,Elvira,Goslin,806-439-0465,
684-39-2110,Kara-lynn,Jerrard,397-875-2142,
663-14-0844,Gabriella,Skep,777-832-6515,
147-76-5570,Deanna,Ivell,540-789-5257,
180-01-8450,Saxe,Yoslowitz,969-522-4523,
642-41-6564,Nyssa,Tuddall,447-595-1452,
494-73-3700,Jon,Bruck,205-553-8605,
874-37-5284,Jane,Cancutt,950-656-5835,
137-57-1185,Pat,Swyne,931-696-0763,
194-58-2045,Waneta,Downse,672-933-4656,
470-37-0061,Glendon,Oherlihy,874-381-0981,
517-15-3272,Gannie,Lepard,206-540-5844,
310-63-2686,Melony,Tree,680-616-1771,
215-20-6685,Valry,Breche,277-334-7561,
650-66-6837,Royal,Pentecost,669-174-8173,
839-18-2974,Chickie,Stute,271-844-9447,
788-03-5165,Carlos,Bunhill,750-185-9205,
640-81-6896,Augustine,Cardinale,142-426-0657,
310-32-3486,Ashley,Ivanyukov,790-192-2205,
136-30-9627,Polly,Mountford,825-331-6248,
209-69-1121,Nicholle,Samter,405-284-1331,
426-70-8672,Caty,Fleckness,539-453-2065,
234-35-5488,Wandie,Roscrigg,735-952-7422,
237-37-2197,Sydney,Esbrook,648-437-6699,
760-93-8257,Kim,Edgars,124-495-2123,
271-87-7781,Shay,Binner,684-632-2346,
222-55-7405,Linette,Jeandon,631-114-2487,
655-55-7060,Kial,Giacomasso,213-409-1871,
416-31-8235,Bendite,Gration,202-475-2397,
204-38-5084,Akim,Fawley,898-820-9674,
776-55-1043,Cary,Disman,848-839-5333,
145-21-3698,Trista,Britian,873-381-0680,
474-18-1899,Sargent,Kegan,812-740-5600,
360-87-6728,Emmi,Thulborn,269-326-8370,
539-87-8568,Selina,Bowkett,446-863-5091,
164-09-7323,Kelsey,Gandey,868-799-2165,
119-99-5251,Orsola,Glyn,702-683-0633,
177-74-1100,Ailee,Peter,437-488-0490,
429-42-6006,Eugine,Braven,577-293-7586,
571-04-9174,Odetta,Pashbee,987-339-2456,
579-58-1293,Arther,Sweet,288-724-3765,
495-35-0734,Trisha,Nicholes,927-665-3748,
100-10-3228,Norina,Chandlar,706-199-6204,
691-69-0559,Ruttger,Sellars,133-175-5083,
429-39-8023,Becky,Andrew,541-206-6066,
184-94-3617,Merrile,Wanless,379-507-2468,
686-26-3559,Gray,Garfitt,349-176-6275,
380-44-8333,Karrah,Mould,325-625-0773,
355-72-8353,Merwin,Caddens,902-550-9518,
576-73-1682,Ruthi,Nafziger,614-891-6919,
672-13-3207,Bernelle,Arundel,342-695-0380,
403-63-4289,Brooks,Filippozzi,415-395-8569,
781-82-0642,Ned,Eggerton,681-409-1691,
780-68-6421,Skye,Donalson,455-347-5223,
413-20-7274,Jenn,Copeland,597-273-7301,
171-06-7837,Ambrosius,Readshall,201-513-1970,
368-67-1570,Alene,Sharply,946-628-2780,
328-15-9737,Mareah,Hissie,827-740-7328,
511-52-1296,Chere,Renon,892-720-2838,
489-41-9962,Hewitt,Fayer,200-628-0482,
589-22-0860,Lemmy,Goodrum,115-577-8233,
371-33-7446,Anastasie,Peggrem,726-675-0834,
374-85-0203,Lars,Aucourte,612-675-1508,
520-11-6845,Palmer,Huckabe,730-508-3871,
733-17-9558,Daffi,Spridgen,669-269-0022,
460-53-5991,Kissie,Cajkler,161-228-6162,
132-98-6797,Rossie,Doddrell,655-642-9910,
764-32-4385,Shelby,McKoy,921-882-8913,
231-13-4580,Obed,Fredy,829-520-4683,
890-74-3328,Saunderson,Troup,468-294-4848,
249-78-1600,Wilona,Checchi,542-371-6608,
127-61-1874,Finn,Rayer,985-364-5764,
531-19-3913,Reggis,Shoveller,562-403-8474,
709-16-3099,Nefen,Kleiner,511-456-1177,
619-35-3780,Bellina,Paver,811-262-2172,
853-97-1077,Kelley,Gover,961-982-6680,
745-65-4949,Ofilia,Jeske,143-735-5020,
865-24-9224,Reube,Minichillo,913-292-8727,
258-94-8034,Devon,Filer,969-237-9072,
548-35-1749,Konstanze,Waber,672-318-7473,
542-17-1253,Pietro,Klaes,915-791-0336,
333-12-7188,Andy,Howchin,332-627-3123,
719-08-1246,Gonzales,Randle,951-513-5244,
797-65-1414,Kara-lynn,Pullman,887-108-4272,
633-19-3549,Rozele,Keynes,336-560-5663,
703-59-8364,Leland,Lark,399-906-5494,
557-72-4558,Saleem,Shillum,753-993-5035,
214-18-2144,Rogers,Ormshaw,683-184-2623,
527-56-9369,Osmond,Ceely,327-576-3210,
366-44-7153,Courtney,Dorin,695-458-0328,
839-38-1920,Ricca,Baruch,762-997-7665,
466-93-8904,Patsy,Capes,256-553-8747,
353-84-1033,Margette,Afield,770-830-6063,
795-43-5233,Brandy,Matura,402-230-3048,
660-30-8531,Hyacinthe,Randals,698-886-5198,
691-43-9851,Janice,Klainman,105-306-1870,
135-87-1044,Merrili,Mundford,254-581-3929,
655-46-6355,Meghan,Labram,466-645-6954,
433-67-4987,Donica,Bardsley,120-215-5052,
309-38-7747,Aleen,Quilty,651-758-6592,
493-13-0451,Corella,Petracco,142-874-8078,
711-54-6501,Derwin,Zimmerman,556-307-0033,
365-03-9833,Audi,Andrassy,438-733-7948,
832-74-9883,Kaye,Leggin,945-654-5929,
420-63-4216,Sayres,Lehrmann,875-519-6023,
284-59-5390,Cleve,Petrakov,711-617-7629,
369-14-6825,Sibbie,Winsom,167-301-0011,
688-85-4261,Olivia,Matyja,411-197-4906,
826-58-4961,Cacilia,Ratledge,274-369-7477,
645-37-8808,Vally,Dat,519-956-1711,
883-18-3513,North,Pury,937-186-7386,
421-66-7291,Farrand,Rousby,837-902-3928,
448-99-8836,Adiana,Leathart,643-685-6939,
853-51-5054,Justin,Cicconetti,585-327-5257,
432-13-8921,Parke,Archibald,393-743-4666,
670-26-3768,Brose,Tuffey,507-162-7968,
347-92-0188,Rosette,Garfath,607-981-3992,
181-30-2942,Catriona,Farrance,520-145-8914,
181-16-5595,Adrian,Juste,642-421-0286,
463-62-3925,L,urette,Pickerell,120-923-7333
827-23-4996,Normy,Merrgan,880-972-5381,
768-81-8438,Merrie,Cordner,638-603-1932,
680-09-9148,Murry,Duckett,254-749-3688,
245-99-2342,Dominick,Hunn,472-888-9337,
401-57-2785,Kerrie,Alfonsetto,273-348-3313,
456-84-0915,Sally,Mughal,798-485-8307,
524-87-4930,Orlando,Baudassi,667-589-1520,
850-38-0127,Millie,Pidcock,282-438-2416,
735-31-9287,Livvy,Darben,190-691-8213,
759-61-8156,Graig,Dwerryhouse,434-717-7403,
499-30-2720,Hadlee,Brimm,713-821-4638,
270-83-9017,Jehanna,Kibel,553-289-0262,
382-63-7989,Rawley,Syfax,837-785-2926,
144-07-0325,Karalee,Chantler,736-710-4687,
793-39-1992,Skipper,Croysdale,788-124-7760,
897-51-5300,Joleen,Orrill,712-996-3897,
423-99-9729,Carma,Jessup,483-363-0501,
755-46-6652,Max,Ranyelld,770-456-4787,
529-86-3328,Maxim,Noseworthy,391-598-8670,
725-24-9370,Ximenes,Uzzell,978-776-2921,
207-76-9629,Orelia,Ivakin,583-646-5194,
126-17-0466,Barbette,Bedborough,197-932-9144,
597-04-5650,Hubey,Loughrey,232-169-1108,
732-47-3228,Jayme,Stuckes,161-645-2328,
143-26-7354,Carolina,Sickamore,372-930-5450,
792-10-0815,Peyton,Bourgeois,639-692-1112,
761-84-7976,Barbee,Monget,965-856-7154,
621-91-0448,Kaitlin,Szwarc,922-850-6041,
154-39-4322,Loria,Pepin,616-670-1108,
156-58-5683,Donovan,Druitt,820-399-0865,
696-68-8738,Crichton,Honatsch,860-268-6695,
740-92-0027,Eli,Harms,450-702-5187,
493-20-7707,Ashley,Norridge,530-574-5195,
435-89-8860,Prent,Roo,771-556-3873,
449-81-1640,Shoshanna,Gero,606-666-6385,
598-90-8764,Hamilton,Louche,875-877-4490,
516-08-6593,Garreth,Waylett,396-213-5154,
673-37-5702,Jesus,Dalgarnocht,855-276-4489,
509-31-7369,Hyman,Lain,748-713-2389,
238-03-6841,La verne,Waplington,318-800-0380,
501-78-1135,Lil,Steeden,806-669-1499,
287-45-0991,Juline,Herrero,215-568-4584,
312-55-0874,Lovell,Beak,554-937-8137,
321-53-4524,Benjy,Solomonides,473-473-6679,
161-30-6881,Saudra,Jeacocke,304-753-4564,
433-11-0743,Lyndell,Joyner,260-594-2771,
531-14-6224,Jefferey,Feilden,869-416-6003,
585-45-8804,Kelci,MacConnechie,315-976-7406,
455-84-1562,Alejandro,Moodey,494-584-0459,
638-30-7279,Dilly,Fortye,657-565-6198,
598-46-0784,Kai,Emlen,953-902-4010,
310-51-8112,Kaela,Zanicchi,442-837-9446,
809-38-2510,Ted,Matzen,950-553-7561,
523-25-0058,Udale,Tindley,285-619-1059,
476-13-5179,Fina,Speaks,875-835-9307,
768-94-5990,Cindie,Charlet,671-698-9163,
735-17-2107,Benjamen,Kordas,506-214-6261,
507-33-1212,Nevsa,Medeway,452-884-2680,
743-54-0665,Almeria,Dederich,161-557-2166,
347-44-8324,Helge,Coupland,187-786-7176,
488-36-3511,Melanie,Heigold,424-287-4775,
592-68-8734,Kermy,Piatkow,832-479-5658,
125-13-8011,Kissiah,Tukely,260-692-7052,
836-47-8350,Iosep,Smeeth,419-802-1537,
137-31-2403,Tristan,McKeney,909-449-7276,
644-79-4939,Hildegarde,Guidera,240-837-5162,
433-12-4320,Maje,Dotterill,957-824-9501,
691-12-6312,Robinett,Sive,447-209-0756,
431-47-0452,Tamera,Tocque,925-237-4425,
133-78-3697,Charlotta,Dimmick,118-531-1908,
553-61-9641,Mark,Cleugher,387-286-2301,
838-38-1461,Clarissa,Melland,922-641-8276,
463-77-6146,Lorry,Spurling,980-415-2936,
140-29-7296,Tatum,Lethardy,874-716-3680,
761-71-8082,Vania,Nestoruk,119-475-3543,
564-62-5241,Kinsley,Cunniff,212-577-3012,
157-85-2085,Basil,Martindale,244-102-0978,
467-88-9872,Gale,Gockelen,436-296-5075,
460-28-3078,Nani,Heaviside,543-773-3942,
562-47-5193,Egan,Downes,401-570-1299,
365-17-3026,Jobye,Battlestone,840-464-8773,
207-67-6944,Nikoletta,Wimmer,670-308-2202,
510-01-8284,Bordy,Vankeev,225-589-7185,
176-90-1364,Maximilianus,Saulter,195-344-7775,
792-15-8877,Dulcia,Peaddie,553-580-8151,
355-82-8352,Ruthi,Dabernott,915-986-1607,
805-74-6239,Caesar,Tucknutt,589-399-1136,
188-54-8148,Meagan,Burnapp,642-780-4994,
887-58-5719,Joachim,Wolsey,205-294-6075,
746-85-0666,Emlen,Wiz,558-887-0651,
600-25-9165,Jinny,MacKeig,727-445-7596,
705-55-4197,Alika,Mullally,737-723-3238,
552-59-1874,Ludvig,McPeck,692-712-8781,
402-85-7361,Kenna,Eyrl,441-310-7934,
257-87-9668,Darrick,Forsythe,832-469-5522,
447-27-2420,Tiphani,How to preserve,106-192-5777,
587-08-7914,Cathrine,Petracchi,909-495-8804,
573-95-2346,Silvanus,Abrahamian,936-670-4896,
451-75-8465,Robinet,Paradin,812-111-8257,
310-70-9616,Willetta,Musprat,567-260-7864,
791-58-6240,Madelle,Bywater,424-417-4830,
621-08-7104,Barbara,Shortin,847-928-5288,
896-20-5161,Jaquenette,Rosoni,402-594-0165,
392-81-2257,Curr,Eyeington,143-618-3375,
173-04-5210,Pall,Schlag,230-911-7973,
727-78-0757,Anatole,Swindley,333-630-5895,
328-39-3295,Hadleigh,Ianni,403-284-5158,
448-55-5919,Reinwald,Attride,245-731-6314,
683-19-8597,Izabel,Meddings,738-654-3402,
582-70-7427,Terencio,Morson,670-684-7479,
113-58-7094,Edmund,Greensides,712-641-2274,
354-70-2629,Merola,Coller,565-794-4139,
204-33-9924,Manon,Ridings,435-533-7208,
555-67-5433,Fernandina,Litster,263-206-9354,
709-28-7528,Sharia,Carnaman,570-366-7610,
187-25-4842,Gillan,Vittori,579-476-3677,
263-35-1127,Dorey,Duigan,494-790-5906,
609-54-5911,Adrienne,Renault,151-178-1155,
536-93-3053,Ki,St. Ledger,303-537-6699,
235-04-4875,Tann,Townsend,775-770-5887,
723-71-4007,Frederique,Irons,893-552-8151,
216-37-6272,Dorthea,Banes,179-346-6377,
615-15-8996,Tucker,Cattel,438-356-4462,
805-88-1587,Gabrielle,Mabbot,658-758-9038,
706-71-2289,Lucas,Muldownie,189-153-5472,
194-50-3513,Johann,Alvey,931-533-4240,
799-13-2450,Ode,Akam,425-582-3250,
427-08-8037,Darryl,Lawton,497-966-7716,
809-71-9941,Even,Bredbury,118-363-8707,
389-85-4650,Gerik,Carder,423-469-1053,
231-71-5510,Kayne,Beran,385-191-8138,
512-32-8374,Cordelie,Dell Casa,529-373-8418,
430-87-6940,Leela,Timmons,938-166-5912,
389-86-0748,Zach,Spraging,264-544-8906,
765-11-7536,Maxie,Venes,578-178-1382,
188-59-1083,Caro,Brabyn,714-272-5894,
531-37-9633,Jobina,Whitfeld,787-306-3025,
565-76-4186,Eveline,Kippin,955-573-4152,
527-52-7586,Keenan,Flint,813-519-3167,
576-12-2856,Mac,Hazael,874-292-5951,
791-35-8506,Aindrea,Rumsby,626-398-9437,
168-64-5643,Eberto,Stot,263-695-0465,
781-53-5596,Malinde,Caraher,512-645-8410,
897-64-1614,Violet,Cookney,731-196-5967,
775-15-1451,Bard,Bone,130-510-4032,
822-94-8945,Logan,Bakewell,527-201-1035,
468-37-7877,Renelle,Island,454-257-0743,
632-08-0753,Suki,Muselli,455-217-7209,
705-96-1639,Ernesta,Vick,845-126-1668,
454-57-6818,Cyrill,Kinnen,176-801-0752,
560-45-3602,Vivia,Regina,120-721-7051,
620-58-3064,Linnet,Pilger,574-676-2349,
309-48-1417,Cosme,Wythe,503-526-8534,
418-96-5777,Alvy,Hoggin,982-210-9047,
195-67-6253,Ulrike,Birdseye,829-244-5013,
853-26-9045,Estell,Sanchis,964-790-5432,
897-82-3316,Charleen,Proger,343-541-7156,
269-05-7067,Lenka,Hamberston,970-444-4027,
799-54-6238,Abbott,Smeall,947-534-3949,
789-01-4672,Babita,Willacot,248-420-0007,
593-96-1576,Feodora,Pearmain,476-992-7933,
653-11-9149,Valry,Yukhin,378-211-6357,
889-28-0761,Costa,Caldaro,649-246-0487,
531-53-1655,Elicia,Songust,692-143-2176,
650-23-2985,Liana,Dameisele,677-789-0309,
755-96-4312,Rolph,Siggery,736-783-1735,
595-91-2228,Merell,Enderwick,546-918-3598,
462-61-8782,Carlita,Mullane,561-911-1718,
661-66-3428,Ansell,Huntriss,577-603-5356,
766-67-6580,Tad,Fooks,722-165-8570,
716-23-2518,Martha,Chark,420-472-8693,
707-46-5985,Nadya,Fautley,247-411-6936,
589-23-1334,Dario,Paulich,508-593-3033,
384-98-1112,Phaidra,Caddy,445-697-5550,
368-29-1722,Launce,Storch,742-481-1506,
687-63-9540,Lancelot,Popplewell,818-803-5217,
775-36-1188,Emlyn,Titchen,398-145-2208,
466-12-6389,Alvy,Archdeacon,235-920-6693,
705-33-0674,Charita,Atwell,537-530-9384,
458-02-2648,Stevy,Tellwright,229-759-6229,
459-09-8978,Pietra,Molden,908-456-1973,
185-14-5024,Tremaine,Dmitr,198-977-7107,
163-07-9290,Rochette,Yakushkin,707-884-6929,
133-91-6225,Georgie,Winn,136-722-1853,
121-11-9274,Kermie,Adair,368-529-6536,
310-63-1746,Mariana,Macconachy,104-521-5649,
763-70-9936,Rem,Malamore,560-759-0733,
848-64-7682,Coriss,Pirri,815-734-5064,
109-57-6710,Ewell,Ciccottio,257-504-4045,
855-21-2184,Kary,McArte,308-655-3230,
150-68-1770,Honoria,Winterbottom,313-191-5030,
687-31-3116,Brit,Grisdale,768-624-4015,
595-75-3340,Suzanna,Breston,830-139-7460,
211-57-7798,Alf,Langthorn,550-656-2564,
374-28-1166,Denney,Fothergill,658-781-8878,
331-47-3719,Roley,Bielby,941-268-1532,
194-06-6789,Rene,Gotling,181-782-9069,
148-86-6570,Anselma,Beston,303-391-2121,
273-61-3686,Rebe,Shadbolt,537-958-6041,
679-92-2183,Gregg,Gamage,776-666-1287,
722-02-2464,Selle,Torpie,330-867-2065,
243-17-6053,Beverlie,Dyshart,448-541-7048,
813-54-3556,Hinze,Frigout,572-167-2655,
112-39-0486,Mariquilla,Chapellow,876-527-3703,
492-92-9185,Bianka,Stainton - Skinn,518-721-4293,
244-08-5627,Bryn,Dundridge,534-678-4694,
860-11-8299,Terry,Zemler,939-470-3247,
365-25-4742,Mac,Semrad,936-289-0213,
468-07-0909,Alethea,Hollow,613-423-5313,
836-08-3692,Estevan,Matthaus,145-277-3339,
769-88-5005,Albertina,Ezzy,941-482-5196,
877-84-2308,Simmonds,Lillicrap,157-307-3131,
616-05-9662,Lacey,Vannet,658-723-4986,
294-49-8391,Codie,Mackett,287-603-4613,
192-43-0458,Ilyssa,Berrey,503-352-6202,
435-27-4450,Juliette,Bavage,972-611-8566,
896-78-4270,Claudette,Petruskevich,172-339-8475,
739-80-2582,Bronny,Jobke,820-399-2859,
870-74-5808,Clarinda,Keener,867-921-4990,
880-49-9357,Aldon,Broadey,484-802-5157,
738-99-8089,Babara,Ewert,517-133-0337,
